gvkey,datadate,fyearq,fqtr,indfmt,consol,popsrc,datafmt,tic,curcdq,datacqtr,datafqtr,actq,aoq,atq,cogsq,cshoq,dlcq,dlttq,dvpq,lctq,loq,ltq,mibtq,niq,oiadpq,ppegtq,prcraq,pstkq,rectq,revtq,saleq,teqq,uaptq,capxy,chechy,costat,prccq,prchq,prclq
001045,20000331,2000,1,INDL,C,D,STD,AAL,USD,2000Q1,2000Q1,4999.0000,2581.0000,24314.0000,4077.0000,149.6850,472.0000,5544.0000,0.0000,6279.0000,4183.0000,17892.0000,,132.0000,212.0000,25614.0000,,0.0000,1493.0000,4577.0000,4577.0000,,,781.0000,-9.0000,A,31.8750,68.7500,27.0625
001045,20000630,2000,2,INDL,C,D,STD,AAL,USD,2000Q2,2000Q2,5377.0000,2574.0000,25473.0000,4200.0000,149.9580,742.0000,5395.0000,0.0000,7106.0000,4186.0000,18699.0000,,321.0000,517.0000,26619.0000,,0.0000,1447.0000,5011.0000,5011.0000,,,1917.0000,43.0000,A,26.4375,39.0000,26.1250
001045,20000930,2000,3,INDL,C,D,STD,AAL,USD,2000Q3,2000Q3,5352.0000,2500.0000,25899.0000,4377.0000,150.6890,768.0000,5198.0000,0.0000,7280.0000,4164.0000,18806.0000,,313.0000,572.0000,27354.0000,,0.0000,1496.0000,5256.0000,5256.0000,,,2792.0000,86.0000,A,32.6875,35.4375,26.0000
001045,20001231,2000,4,INDL,C,D,STD,AAL,USD,2000Q4,2000Q4,5179.0000,2398.0000,26213.0000,4466.0000,152.0630,796.0000,5474.0000,0.0000,6990.0000,4188.0000,19037.0000,,47.0000,80.0000,28157.0000,,0.0000,1303.0000,4859.0000,4859.0000,,,3678.0000,4.0000,A,39.1875,39.4375,27.6250
001045,20010331,2001,1,INDL,C,D,STD,AAL,USD,2001Q1,2001Q1,4573.0000,2886.0000,26534.0000,4451.0000,153.6940,696.0000,5877.0000,0.0000,6744.0000,4219.0000,19301.0000,,-43.0000,-4.0000,,,0.0000,1383.0000,4760.0000,4760.0000,,,847.0000,83.0000,A,35.1200,43.9375,30.7000
001045,20010630,2001,2,INDL,C,D,STD,AAL,USD,2001Q2,2001Q2,5174.0000,3820.0000,29002.0000,5306.0000,154.4080,613.0000,7167.0000,0.0000,7894.0000,4860.0000,22262.0000,,-507.0000,-75.0000,,,0.0000,1670.0000,5583.0000,5583.0000,,,2124.0000,176.0000,A,36.1300,39.5000,32.5000
001045,20010930,2001,3,INDL,C,D,STD,AAL,USD,2001Q3,2001Q3,6081.0000,5905.0000,31840.0000,5183.0000,154.4820,776.0000,8098.0000,0.0000,8103.0000,7240.0000,25609.0000,,-414.0000,-735.0000,,,0.0000,1829.0000,4816.0000,4816.0000,,,3059.0000,-20.0000,A,19.1400,38.4000,15.9000
001045,20011231,2001,4,INDL,C,D,STD,AAL,USD,2001Q4,2001Q4,6540.0000,6646.0000,32841.0000,4479.0000,154.4850,772.0000,9834.0000,0.0000,7512.0000,8495.0000,27468.0000,,-798.0000,-1046.0000,29659.0000,,0.0000,1414.0000,3804.0000,3804.0000,,,3640.0000,31.0000,A,22.3000,23.7400,15.1000
001045,20020331,2002,1,INDL,C,D,STD,AAL,USD,2002Q1,2002Q1,6271.0000,5393.0000,31614.0000,4551.0000,155.1190,713.0000,10238.0000,0.0000,7389.0000,8495.0000,27724.0000,,-1563.0000,-729.0000,30050.0000,,0.0000,1858.0000,4163.0000,4163.0000,,,619.0000,14.0000,A,26.4100,29.2000,21.6200
001045,20020630,2002,2,INDL,C,D,STD,AAL,USD,2002Q2,2002Q2,5848.0000,5606.0000,31538.0000,4771.0000,155.6890,497.0000,10616.0000,0.0000,7459.0000,8479.0000,28131.0000,,-495.0000,-601.0000,30184.0000,,0.0000,1556.0000,4508.0000,4508.0000,,,1113.0000,75.0000,A,16.8600,26.1100,15.5200
001045,20020930,2002,3,INDL,C,D,STD,AAL,USD,2002Q3,2002Q3,5987.0000,5774.0000,31502.0000,4797.0000,155.9930,550.0000,11931.0000,0.0000,7218.0000,8614.0000,28991.0000,,-924.0000,-613.0000,28886.0000,,0.0000,1563.0000,4524.0000,4524.0000,,,1537.0000,3.0000,A,4.1800,16.6500,3.6000
001045,20021231,2002,4,INDL,C,D,STD,AAL,USD,2002Q4,2002Q4,4937.0000,5636.0000,30267.0000,4522.0000,156.0890,868.0000,12310.0000,0.0000,7240.0000,9760.0000,29310.0000,,-529.0000,-679.0000,29073.0000,,0.0000,1481.0000,4190.0000,4190.0000,,,1881.0000,2.0000,A,6.6000,8.6100,3.0100
001045,20030331,2003,1,INDL,C,D,STD,AAL,USD,2003Q1,2003Q1,3634.0000,5702.0000,29086.0000,3943.0000,156.3960,807.0000,12345.0000,0.0000,7073.0000,9770.0000,29188.0000,,-1043.0000,-844.0000,29450.0000,,0.0000,924.0000,4120.0000,4120.0000,,,393.0000,53.0000,A,2.1000,7.1000,1.2500
001045,20030630,2003,2,INDL,C,D,STD,AAL,USD,2003Q2,2003Q2,4247.0000,5125.0000,29220.0000,3589.0000,158.8410,722.0000,12535.0000,0.0000,7081.0000,10106.0000,29722.0000,,-75.0000,-195.0000,29648.0000,,0.0000,924.0000,4324.0000,4324.0000,,,847.0000,53.0000,A,11.0000,11.9000,2.6500
001045,20030930,2003,3,INDL,C,D,STD,AAL,USD,2003Q3,2003Q3,5076.0000,5102.0000,29943.0000,3525.0000,159.3470,738.0000,13167.0000,0.0000,7132.0000,10165.0000,30464.0000,,1.0000,141.0000,29865.0000,,0.0000,936.0000,4605.0000,4605.0000,,,491.0000,54.0000,A,11.4500,13.4500,7.9000
001045,20031231,2003,4,INDL,C,D,STD,AAL,USD,2003Q4,2003Q4,4682.0000,5188.0000,29330.0000,3373.0000,159.5820,804.0000,13126.0000,0.0000,6559.0000,9599.0000,29284.0000,,-111.0000,103.0000,29003.0000,,0.0000,796.0000,4391.0000,4391.0000,,,680.0000,16.0000,A,12.9500,15.4600,11.0500
001045,20040331,2004,1,INDL,C,D,STD,AAL,USD,2004Q1,2004Q1,5406.0000,5191.0000,29950.0000,3562.0000,159.6250,815.0000,13577.0000,0.0000,7110.0000,9398.0000,30085.0000,,-166.0000,42.0000,29153.0000,,0.0000,965.0000,4512.0000,4512.0000,,,213.0000,32.0000,A,12.7300,17.6500,10.2500
001045,20040630,2004,2,INDL,C,D,STD,AAL,USD,2004Q2,2004Q2,5513.0000,5156.0000,30001.0000,3745.0000,160.6980,811.0000,13626.0000,0.0000,7297.0000,9200.0000,30123.0000,,6.0000,165.0000,29332.0000,,0.0000,919.0000,4830.0000,4830.0000,,,514.0000,76.0000,A,12.1100,14.5000,10.0400
001045,20040930,2004,3,INDL,C,D,STD,AAL,USD,2004Q3,2004Q3,5300.0000,4707.0000,29261.0000,3897.0000,160.8300,795.0000,12488.0000,0.0000,7124.0000,9963.0000,29575.0000,,-214.0000,-45.0000,30254.0000,,0.0000,903.0000,4762.0000,4762.0000,,,773.0000,-3.0000,A,7.3300,12.2800,6.7600
001045,20041231,2004,4,INDL,C,D,STD,AAL,USD,2004Q4,2004Q4,4971.0000,4665.0000,28773.0000,3916.0000,161.1560,806.0000,13524.0000,0.0000,7018.0000,8812.0000,29354.0000,,-387.0000,-295.0000,29708.0000,,0.0000,836.0000,4541.0000,4541.0000,,,1027.0000,0.0000,A,10.9500,11.1000,6.3400
001045,20050331,2005,1,INDL,C,D,STD,AAL,USD,2005Q1,2005Q1,5420.0000,4631.0000,29167.0000,3820.0000,161.3900,879.0000,13375.0000,0.0000,7731.0000,8758.0000,29864.0000,,-162.0000,23.0000,29910.0000,,0.0000,1033.0000,4750.0000,4750.0000,,,242.0000,28.0000,A,10.7000,11.6500,7.8300
001045,20050630,2005,2,INDL,C,D,STD,AAL,USD,2005Q2,2005Q2,5789.0000,4609.0000,29494.0000,4158.0000,163.7010,910.0000,13322.0000,0.0000,8019.0000,8768.0000,30109.0000,,58.0000,229.0000,30096.0000,,0.0000,1052.0000,5309.0000,5309.0000,,,484.0000,46.0000,A,12.1100,14.9500,9.8000
001045,20050930,2005,3,INDL,C,D,STD,AAL,USD,2005Q3,2005Q3,5987.0000,4538.0000,29436.0000,4428.0000,165.0680,960.0000,13231.0000,0.0000,7869.0000,9065.0000,30165.0000,,-153.0000,28.0000,30111.0000,,0.0000,1111.0000,5485.0000,5485.0000,,,586.0000,7.0000,A,11.1800,14.8000,10.0000
001045,20051231,2005,4,INDL,C,D,STD,AAL,USD,2005Q4,2005Q4,6164.0000,4785.0000,29495.0000,4426.0000,182.7320,1239.0000,13456.0000,0.0000,8320.0000,9197.0000,30973.0000,,-604.0000,-178.0000,30005.0000,,0.0000,991.0000,5168.0000,5168.0000,,,681.0000,18.0000,A,22.2300,23.5300,10.7700
001045,20060331,2006,1,INDL,C,D,STD,AAL,USD,2006Q1,2006Q1,6820.0000,4736.0000,29918.0000,4293.0000,189.3880,1185.0000,13165.0000,0.0000,8744.0000,9281.0000,31190.0000,,-92.0000,115.0000,29962.0000,,0.0000,1073.0000,5344.0000,5344.0000,,,104.0000,6.0000,A,27.0500,29.1400,18.2400
001045,20060630,2006,2,INDL,C,D,STD,AAL,USD,2006Q2,2006Q2,7840.0000,4694.0000,30752.0000,4524.0000,213.0160,1152.0000,12968.0000,0.0000,9232.0000,9060.0000,31260.0000,,291.0000,476.0000,30018.0000,,0.0000,1121.0000,5975.0000,5975.0000,,,245.0000,29.0000,A,25.4200,29.3200,21.5000
001045,20060930,2006,3,INDL,C,D,STD,AAL,USD,2006Q3,2006Q3,7473.0000,4615.0000,30128.0000,4605.0000,214.4160,1506.0000,12407.0000,0.0000,8675.0000,9560.0000,30642.0000,,15.0000,284.0000,30140.0000,,0.0000,1160.0000,5847.0000,5847.0000,,,348.0000,-24.0000,A,23.1400,27.7400,18.7800
001045,20061231,2006,4,INDL,C,D,STD,AAL,USD,2006Q4,2006Q4,6902.0000,4302.0000,29145.0000,4237.0000,222.2240,1349.0000,12041.0000,0.0000,8505.0000,9205.0000,29751.0000,,17.0000,185.0000,30149.0000,,0.0000,988.0000,5397.0000,5397.0000,,,530.0000,-17.0000,A,30.2300,34.4000,23.4200
001045,20070331,2007,1,INDL,C,D,STD,AAL,USD,2007Q1,2007Q1,7833.0000,4229.0000,29884.0000,4185.0000,240.5890,1289.0000,11471.0000,0.0000,8958.0000,9229.0000,29658.0000,,81.0000,248.0000,30222.0000,,0.0000,1124.0000,5427.0000,5427.0000,,,182.0000,24.0000,A,30.4500,41.0000,29.6800
001045,20070630,2007,2,INDL,C,D,STD,AAL,USD,2007Q2,2007Q2,8588.0000,4122.0000,30410.0000,4433.0000,247.8770,1318.0000,11242.0000,0.0000,9393.0000,9165.0000,29800.0000,,317.0000,467.0000,30400.0000,,0.0000,1219.0000,5879.0000,5879.0000,,,364.0000,94.0000,A,26.3500,34.0000,24.8800
001045,20070930,2007,3,INDL,C,D,STD,AAL,USD,2007Q3,2007Q3,8062.0000,3984.0000,29599.0000,4583.0000,249.1220,1463.0000,10528.0000,0.0000,9236.0000,9007.0000,28771.0000,,175.0000,359.0000,30553.0000,,0.0000,1166.0000,5946.0000,5946.0000,,,515.0000,40.0000,A,22.2900,29.3200,20.2800
001045,20071231,2007,4,INDL,C,D,STD,AAL,USD,2007Q4,2007Q4,7229.0000,3948.0000,28571.0000,4687.0000,249.3980,1049.0000,10093.0000,0.0000,8483.0000,7338.0000,25914.0000,,-69.0000,-45.0000,30400.0000,,0.0000,1027.0000,5644.0000,5644.0000,,,714.0000,26.0000,A,14.0300,26.0000,13.6500
001045,20080331,2008,1,INDL,C,D,STD,AAL,USD,2008Q1,2008Q1,7513.0000,3908.0000,28766.0000,4841.0000,249.4560,1558.0000,9375.0000,0.0000,9572.0000,7330.0000,26277.0000,,-341.0000,-187.0000,30445.0000,,0.0000,1109.0000,5697.0000,5697.0000,,,217.0000,55.0000,A,9.0200,16.4900,8.1000
001045,20080630,2008,2,INDL,C,D,STD,AAL,USD,2008Q2,2008Q2,9072.0000,3871.0000,28925.0000,5239.0000,251.1480,1558.0000,9331.0000,0.0000,10640.0000,7294.0000,27265.0000,,-1461.0000,-126.0000,26473.0000,,0.0000,1166.0000,6179.0000,6179.0000,,,473.0000,139.0000,A,5.1200,10.4000,4.7900
001045,20080930,2008,3,INDL,C,D,STD,AAL,USD,2008Q3,2008Q3,7507.0000,3515.0000,26950.0000,5525.0000,278.7570,1590.0000,9536.0000,0.0000,9484.0000,6996.0000,26016.0000,,31.0000,-189.0000,26601.0000,,0.0000,1104.0000,6421.0000,6421.0000,,,687.0000,125.0000,A,9.8200,13.4100,4.0000
001045,20081231,2008,4,INDL,C,D,STD,AAL,USD,2008Q4,2008Q4,5935.0000,3505.0000,25175.0000,4503.0000,278.9490,1956.0000,9001.0000,0.0000,9374.0000,9735.0000,28110.0000,,-347.0000,-71.0000,26180.0000,,0.0000,811.0000,5469.0000,5469.0000,,,876.0000,43.0000,A,10.6700,12.3700,5.0000
001045,20090331,2009,1,INDL,C,D,STD,AAL,USD,2009Q1,2009Q1,5362.0000,3582.0000,24518.0000,4070.0000,278.9490,1469.0000,8842.0000,0.0000,8908.0000,9877.0000,27627.0000,,-375.0000,-181.0000,26204.0000,,0.0000,785.0000,4839.0000,4839.0000,-3109.0000,,169.0000,-4.0000,A,3.1900,12.4750,2.4000
001045,20090630,2009,2,INDL,C,D,STD,AAL,USD,2009Q2,2009Q2,5140.0000,3426.0000,24138.0000,4140.0000,280.0600,1228.0000,8864.0000,0.0000,8270.0000,10004.0000,27138.0000,,-390.0000,-133.0000,26313.0000,,0.0000,780.0000,4889.0000,4889.0000,-3000.0000,,602.0000,0.0000,A,4.0200,6.5000,3.1000
001045,20090930,2009,3,INDL,C,D,STD,AAL,USD,2009Q3,2009Q3,6453.0000,3705.0000,25754.0000,4303.0000,329.0600,1132.0000,10461.0000,0.0000,7901.0000,10251.0000,28613.0000,,-359.0000,-112.0000,26354.0000,,0.0000,814.0000,5127.0000,5127.0000,-2859.0000,,1103.0000,-20.0000,A,7.9500,9.2400,3.9300
001045,20091231,2009,4,INDL,C,D,STD,AAL,USD,2009Q4,2009Q4,6642.0000,3320.0000,25438.0000,4325.0000,332.6240,1114.0000,10583.0000,0.0000,7728.0000,10616.0000,28927.0000,,-344.0000,-319.0000,26310.0000,,0.0000,768.0000,5062.0000,5062.0000,-3489.0000,,1521.0000,-38.0000,A,7.7300,8.3300,5.1100
001690,20000331,2000,2,INDL,C,D,STD,AAPL,USD,2000Q1,2000Q2,4912.0000,1781.0000,7007.0000,1375.0000,162.6800,0.0000,300.0000,0.0000,1853.0000,0.0000,2792.0000,0.0000,233.0000,170.0000,723.0000,,150.0000,940.0000,1945.0000,1945.0000,,,65.0000,336.0000,A,135.8125,150.3750,86.5000
001690,20000630,2000,3,INDL,C,D,STD,AAPL,USD,2000Q2,2000Q3,5157.0000,1461.0000,6932.0000,1257.0000,324.8260,0.0000,300.0000,0.0000,1873.0000,0.0000,2756.0000,0.0000,200.0000,168.0000,721.0000,,150.0000,967.0000,1825.0000,1825.0000,,,76.0000,18.0000,A,52.3750,69.7500,40.1875
001690,20000930,2000,4,INDL,C,D,STD,AAPL,USD,2000Q3,2000Q4,5427.0000,1063.0000,6803.0000,1385.0000,335.6770,0.0000,300.0000,0.0000,1933.0000,0.0000,2696.0000,0.0000,170.0000,84.0000,700.0000,,76.0000,953.0000,1870.0000,1870.0000,,,107.0000,-135.0000,A,25.7500,64.1250,25.3750
001690,20001231,2001,1,INDL,C,D,STD,AAPL,USD,2000Q4,2001Q1,4926.0000,735.0000,5986.0000,1004.0000,345.3070,0.0000,311.0000,0.0000,1637.0000,0.0000,2274.0000,0.0000,-195.0000,-420.0000,,,3.0000,441.0000,1007.0000,1007.0000,,,22.0000,546.0000,A,14.8750,26.7500,13.6250
001690,20010331,2001,2,INDL,C,D,STD,AAPL,USD,2001Q1,2001Q2,5345.0000,454.0000,6130.0000,1024.0000,346.5410,0.0000,317.0000,0.0000,1795.0000,0.0000,2392.0000,0.0000,43.0000,-8.0000,721.0000,,0.0000,637.0000,1431.0000,1431.0000,,,39.0000,947.0000,A,22.0700,23.7500,14.4375
001690,20010630,2001,3,INDL,C,D,STD,AAPL,USD,2001Q2,2001Q3,5248.0000,476.0000,6071.0000,1015.0000,350.4740,0.0000,317.0000,0.0000,1614.0000,0.0000,2213.0000,0.0000,61.0000,42.0000,727.0000,,0.0000,598.0000,1475.0000,1475.0000,,,69.0000,930.0000,A,23.2500,27.1200,18.7500
001690,20010930,2001,4,INDL,C,D,STD,AAPL,USD,2001Q3,2001Q4,5143.0000,314.0000,6021.0000,983.0000,350.9220,0.0000,317.0000,0.0000,1518.0000,0.0000,2101.0000,0.0000,66.0000,53.0000,924.0000,,0.0000,466.0000,1450.0000,1450.0000,,,232.0000,1119.0000,A,15.5100,25.2200,14.6800
001690,20011231,2002,1,INDL,C,D,STD,AAPL,USD,2001Q4,2002Q1,5272.0000,277.0000,6122.0000,925.0000,352.4590,0.0000,315.0000,0.0000,1579.0000,0.0000,2156.0000,0.0000,38.0000,20.0000,934.0000,,0.0000,498.0000,1375.0000,1375.0000,,,36.0000,-364.0000,A,21.9000,24.0300,14.8300
001690,20020331,2002,2,INDL,C,D,STD,AAPL,USD,2002Q1,2002Q2,5414.0000,263.0000,6264.0000,1057.0000,354.0850,0.0000,311.0000,0.0000,1709.0000,0.0000,2250.0000,0.0000,40.0000,28.0000,955.0000,,0.0000,644.0000,1495.0000,1495.0000,,,79.0000,-1151.0000,A,23.6700,25.9800,20.2590
001690,20020630,2002,3,INDL,C,D,STD,AAPL,USD,2002Q2,2002Q3,5443.0000,261.0000,6293.0000,1010.0000,358.8550,0.0000,316.0000,0.0000,1718.0000,0.0000,2227.0000,0.0000,32.0000,13.0000,970.0000,,0.0000,626.0000,1429.0000,1429.0000,,,110.0000,-1064.0000,A,17.7200,26.1700,15.9800
001690,20020930,2002,4,INDL,C,D,STD,AAPL,USD,2002Q3,2002Q4,5388.0000,289.0000,6298.0000,1029.0000,358.9590,0.0000,316.0000,0.0000,1658.0000,0.0000,2203.0000,0.0000,-45.0000,-15.0000,1057.0000,,0.0000,565.0000,1443.0000,1443.0000,,,174.0000,-58.0000,A,14.5000,18.7900,13.8000
001690,20021231,2003,1,INDL,C,D,STD,AAPL,USD,2002Q4,2003Q1,5384.0000,280.0000,6269.0000,1035.0000,360.2570,0.0000,320.0000,0.0000,1595.0000,0.0000,2153.0000,0.0000,-8.0000,-14.0000,1046.0000,,0.0000,591.0000,1472.0000,1472.0000,,,20.0000,360.0000,A,14.3300,17.3800,13.3600
001690,20030331,2003,2,INDL,C,D,STD,AAPL,USD,2003Q1,2003Q2,5468.0000,274.0000,6361.0000,1028.0000,365.5450,310.0000,0.0000,0.0000,2007.0000,215.0000,2222.0000,0.0000,14.0000,-1.0000,1076.0000,,0.0000,621.0000,1475.0000,1475.0000,,,60.0000,1158.0000,A,14.1400,15.3800,13.5600
001690,20030630,2003,3,INDL,C,D,STD,AAPL,USD,2003Q2,2003Q3,5546.0000,256.0000,6441.0000,1093.0000,366.9930,307.0000,0.0000,0.0000,2025.0000,218.0000,2243.0000,0.0000,19.0000,9.0000,1124.0000,,0.0000,674.0000,1545.0000,1545.0000,,,106.0000,1255.0000,A,19.0600,19.6900,12.7200
001690,20030930,2003,4,INDL,C,D,STD,AAPL,USD,2003Q3,2003Q4,5887.0000,259.0000,6815.0000,1230.0000,366.7270,304.0000,0.0000,0.0000,2357.0000,235.0000,2592.0000,0.0000,44.0000,31.0000,1174.0000,,0.0000,950.0000,1715.0000,1715.0000,,,164.0000,1144.0000,A,20.7200,23.3200,18.5100
001690,20031231,2004,1,INDL,C,D,STD,AAPL,USD,2003Q4,2004Q1,6029.0000,258.0000,6971.0000,1437.0000,368.7610,302.0000,0.0000,0.0000,2382.0000,259.0000,2641.0000,0.0000,63.0000,74.0000,1221.0000,,0.0000,787.0000,2006.0000,2006.0000,,,44.0000,328.0000,A,21.3700,25.0110,19.2500
001690,20040331,2004,2,INDL,C,D,STD,AAPL,USD,2004Q1,2004Q2,5784.0000,264.0000,6735.0000,1343.0000,372.8550,0.0000,0.0000,0.0000,1980.0000,265.0000,2245.0000,0.0000,46.0000,62.0000,1254.0000,,0.0000,758.0000,1909.0000,1909.0000,,,79.0000,-238.0000,A,27.0400,28.1400,21.1800
001690,20040630,2004,3,INDL,C,D,STD,AAPL,USD,2004Q2,2004Q3,6286.0000,253.0000,7223.0000,1414.0000,385.1920,0.0000,0.0000,0.0000,2155.0000,256.0000,2411.0000,0.0000,61.0000,80.0000,1252.0000,,0.0000,852.0000,2014.0000,2014.0000,,,117.0000,-276.0000,A,32.5400,34.1900,25.4900
001690,20040930,2004,4,INDL,C,D,STD,AAPL,USD,2004Q3,2004Q4,7055.0000,288.0000,8050.0000,1676.0000,391.4440,0.0000,0.0000,0.0000,2680.0000,294.0000,2974.0000,0.0000,106.0000,133.0000,1298.0000,0.0000,0.0000,1050.0000,2350.0000,2350.0000,,,176.0000,-427.0000,A,38.7500,39.2700,28.7400
001690,20041231,2005,1,INDL,C,D,STD,AAPL,USD,2004Q4,2005Q1,8322.0000,305.0000,9362.0000,2453.0000,404.5490,0.0000,0.0000,0.0000,3224.0000,226.0000,3572.0000,0.0000,295.0000,403.0000,1352.0000,0.0000,0.0000,1197.0000,3490.0000,3490.0000,,,58.0000,-494.0000,A,64.4000,69.5700,37.6500
001690,20050331,2005,2,INDL,C,D,STD,AAPL,USD,2005Q1,2005Q2,9007.0000,362.0000,10111.0000,2235.0000,823.1370,0.0000,0.0000,0.0000,3352.0000,241.0000,3725.0000,0.0000,286.0000,397.0000,1370.0000,0.0000,0.0000,1242.0000,3243.0000,3243.0000,,,101.0000,-715.0000,A,41.6700,45.4400,31.3000
001690,20050630,2005,3,INDL,C,D,STD,AAPL,USD,2005Q2,2005Q3,9376.0000,348.0000,10488.0000,2430.0000,827.9810,0.0000,0.0000,0.0000,3123.0000,261.0000,3667.0000,0.0000,319.0000,426.0000,1409.0000,0.0000,0.0000,1101.0000,3520.0000,3520.0000,,,164.0000,125.0000,A,36.8100,44.4500,33.1100
001690,20050930,2005,4,INDL,C,D,STD,AAPL,USD,2005Q3,2005Q4,10300.0000,434.0000,11551.0000,2592.0000,835.0190,0.0000,0.0000,0.0000,3484.0000,293.0000,4085.0000,0.0000,428.0000,417.0000,1481.0000,0.0000,0.0000,1312.0000,3678.0000,3678.0000,,,260.0000,522.0000,A,53.6100,54.5600,36.2900
001690,20051231,2006,1,INDL,C,D,STD,AAPL,USD,2005Q4,2006Q1,12162.0000,1164.0000,14181.0000,4133.0000,845.6170,0.0000,0.0000,0.0000,5060.0000,311.0000,5801.0000,0.0000,565.0000,750.0000,1547.0000,0.0000,0.0000,2413.0000,5749.0000,5749.0000,,,82.0000,659.0000,A,71.8900,75.4600,47.8700
001690,20060331,2006,2,INDL,C,D,STD,AAPL,USD,2006Q1,2006Q2,11286.0000,1620.0000,13911.0000,3012.0000,849.1880,0.0000,0.0000,0.0000,4456.0000,313.0000,5229.0000,0.0000,410.0000,529.0000,1731.0000,64.6600,0.0000,1984.0000,4359.0000,4359.0000,,,275.0000,2855.0000,A,62.7200,86.4000,57.6700
001690,20060630,2006,3,INDL,C,D,STD,AAPL,USD,2006Q2,2006Q3,12491.0000,1426.0000,15114.0000,2988.0000,852.9880,0.0000,0.0000,0.0000,5023.0000,338.0000,5784.0000,0.0000,472.0000,566.0000,1954.0000,,0.0000,2094.0000,4370.0000,4370.0000,,,512.0000,4522.0000,A,57.2700,73.8000,55.4100
001690,20060930,2006,4,INDL,C,D,STD,AAPL,USD,2006Q3,2006Q4,14509.0000,1415.0000,17205.0000,3359.0000,855.2630,0.0000,0.0000,0.0000,6471.0000,369.0000,7221.0000,0.0000,542.0000,608.0000,2075.0000,0.0000,0.0000,2845.0000,4837.0000,4837.0000,,,657.0000,2901.0000,A,76.9800,77.7800,50.1600
001690,20061231,2007,1,INDL,C,D,STD,AAPL,USD,2006Q4,2007Q1,16664.0000,1435.0000,19461.0000,4821.0000,860.2200,0.0000,0.0000,0.0000,7337.0000,392.0000,8233.0000,0.0000,1004.0000,1322.0000,2200.0000,,0.0000,3113.0000,7115.0000,7115.0000,,,142.0000,767.0000,A,84.8400,93.1590,72.6000
001690,20070331,2007,2,INDL,C,D,STD,AAPL,USD,2007Q1,2007Q2,16029.0000,1273.0000,18711.0000,3346.0000,864.6930,0.0000,0.0000,0.0000,5485.0000,430.0000,6450.0000,0.0000,770.0000,986.0000,2304.0000,,0.0000,1667.0000,5264.0000,5264.0000,,,247.0000,703.0000,A,92.9100,97.8000,81.9000
001690,20070630,2007,3,INDL,C,D,STD,AAPL,USD,2007Q2,2007Q3,18745.0000,1276.0000,21647.0000,3334.0000,869.1620,0.0000,0.0000,0.0000,6992.0000,578.0000,8243.0000,0.0000,818.0000,1041.0000,2562.0000,,0.0000,2901.0000,5410.0000,5410.0000,,,530.0000,726.0000,A,122.0400,127.6100,89.6000
001690,20070930,2007,4,INDL,C,D,STD,AAPL,USD,2007Q3,2007Q4,21956.0000,1559.0000,25347.0000,4034.0000,872.3290,0.0000,0.0000,0.0000,9299.0000,897.0000,10815.0000,0.0000,904.0000,1060.0000,2841.0000,0.0000,0.0000,4029.0000,6217.0000,6217.0000,,,735.0000,2960.0000,A,153.4700,155.0000,111.6200
001690,20071231,2008,1,INDL,C,D,STD,AAPL,USD,2007Q4,2008Q1,26189.0000,1980.0000,30039.0000,6170.0000,878.6290,0.0000,0.0000,0.0000,10535.0000,1920.0000,13235.0000,0.0000,1581.0000,2126.0000,2931.0000,,0.0000,4422.0000,9608.0000,9608.0000,,,224.0000,-190.0000,A,198.0800,202.9600,150.6300
001690,20080331,2008,2,INDL,C,D,STD,AAPL,USD,2008Q1,2008Q2,26736.0000,1773.0000,30471.0000,4922.0000,881.4310,0.0000,0.0000,0.0000,9634.0000,2109.0000,12418.0000,0.0000,1045.0000,1315.0000,3113.0000,,0.0000,3620.0000,7512.0000,7512.0000,,,384.0000,-282.0000,A,143.5000,200.2600,115.4400
001690,20080630,2008,3,INDL,C,D,STD,AAPL,USD,2008Q2,2008Q3,27998.0000,1534.0000,31709.0000,4747.0000,885.7470,0.0000,0.0000,0.0000,9218.0000,2063.0000,12087.0000,0.0000,1072.0000,1392.0000,3397.0000,,0.0000,3245.0000,7464.0000,7464.0000,,,688.0000,21.0000,A,167.4400,192.2400,143.6100
001690,20080930,2008,4,INDL,C,D,STD,AAPL,USD,2008Q3,2008Q4,34690.0000,2427.0000,39572.0000,5022.0000,888.3260,0.0000,0.0000,0.0000,14092.0000,3775.0000,18542.0000,0.0000,1136.0000,1442.0000,3747.0000,0.0000,0.0000,4704.0000,7895.0000,7895.0000,,,1091.0000,2523.0000,A,113.6600,180.9100,100.5900
001690,20081231,2009,1,INDL,C,D,STD,AAPL,USD,2008Q4,2009Q1,35163.0000,5044.0000,42787.0000,7205.0000,890.4150,0.0000,0.0000,0.0000,14757.0000,4256.0000,19878.0000,0.0000,2255.0000,3101.0000,3997.0000,,0.0000,3413.0000,11880.0000,11880.0000,22909.0000,,339.0000,-4639.0000,A,85.3500,116.4000,79.1400
001690,20090331,2009,2,INDL,C,D,STD,AAPL,USD,2009Q1,2009Q2,33853.0000,6838.0000,43237.0000,5276.0000,891.9120,0.0000,0.0000,0.0000,13751.0000,4312.0000,18926.0000,0.0000,1620.0000,2323.0000,4097.0000,,0.0000,3036.0000,9084.0000,9084.0000,24311.0000,,439.0000,-7409.0000,A,105.1200,109.9800,78.2000
001690,20090630,2009,3,INDL,C,D,STD,AAPL,USD,2009Q2,2009Q3,35170.0000,10317.0000,48140.0000,5569.0000,895.7350,0.0000,0.0000,0.0000,16661.0000,4621.0000,22252.0000,0.0000,1828.0000,2632.0000,4222.0000,,0.0000,4180.0000,9734.0000,9734.0000,25888.0000,,685.0000,-6270.0000,A,142.4300,146.4000,103.8900
001690,20090930,2009,4,INDL,C,D,STD,AAPL,USD,2009Q3,2009Q4,31555.0000,12992.0000,47501.0000,6899.0000,899.8060,0.0000,0.0000,0.0000,11506.0000,2139.0000,15861.0000,0.0000,2532.0000,3684.0000,4667.0000,0.0000,0.0000,5057.0000,12207.0000,12207.0000,31640.0000,,1144.0000,-6612.0000,A,185.3500,188.9000,134.4200
001690,20091231,2010,1,INDL,C,D,STD,AAPL,USD,2009Q4,2010Q1,33332.0000,17479.0000,53926.0000,9063.0000,906.2820,0.0000,0.0000,0.0000,13097.0000,2292.0000,18158.0000,0.0000,3378.0000,4725.0000,4986.0000,,0.0000,4881.0000,15683.0000,15683.0000,35768.0000,,376.0000,2346.0000,A,210.7320,213.9500,180.7000
126554,20000131,2000,1,INDL,C,D,STD,A,USD,1999Q4,2000Q1,4982.0000,717.0000,7107.0000,,452.0000,111.0000,,0.0000,2067.0000,554.0000,2621.0000,0.0000,131.0000,,3634.0000,,0.0000,1445.0000,1851.0000,1851.0000,,,91.0000,1368.0000,A,66.1875,80.0000,39.8125
126554,20000430,2000,2,INDL,C,D,STD,A,USD,2000Q1,2000Q2,5057.0000,811.0000,7321.0000,1839.0000,452.2720,98.0000,0.0000,0.0000,2186.0000,493.0000,2679.0000,0.0000,166.0000,288.0000,3690.0000,,0.0000,1889.0000,2142.0000,2142.0000,,,222.0000,978.0000,A,88.6250,162.0000,66.2500
126554,20000731,2000,3,INDL,C,D,STD,A,USD,2000Q2,2000Q3,5344.0000,902.0000,7827.0000,1053.0000,453.0150,129.0000,0.0000,0.0000,2510.0000,415.0000,2925.0000,0.0000,155.0000,189.0000,3825.0000,,0.0000,2167.0000,2351.0000,2351.0000,,,448.0000,703.0000,A,40.7500,104.1250,39.5000
126554,20001031,2000,4,INDL,C,D,STD,A,USD,2000Q3,2000Q4,5655.0000,1029.0000,8425.0000,1383.0000,453.9760,110.0000,0.0000,0.0000,2758.0000,402.0000,3160.0000,0.0000,305.0000,447.0000,3970.0000,,0.0000,2201.0000,3017.0000,3017.0000,,,824.0000,996.0000,A,46.3125,64.0000,38.1875
126554,20010131,2001,1,INDL,C,D,STD,A,USD,2000Q4,2001Q1,5461.0000,1926.0000,9208.0000,1088.0000,456.7700,556.0000,0.0000,0.0000,3070.0000,597.0000,3667.0000,0.0000,100.0000,294.0000,,,0.0000,2130.0000,2565.0000,2565.0000,,,173.0000,-563.0000,A,54.5500,68.0000,38.0625
126554,20010430,2001,2,INDL,C,D,STD,A,USD,2001Q1,2001Q2,4998.0000,2234.0000,9080.0000,1182.0000,457.0730,773.0000,0.0000,0.0000,3098.0000,366.0000,3464.0000,0.0000,102.0000,-49.0000,,,0.0000,1573.0000,2406.0000,2406.0000,,,455.0000,-187.0000,A,39.0100,55.0000,25.0000
126554,20010731,2001,3,INDL,C,D,STD,A,USD,2001Q2,2001Q3,4656.0000,2159.0000,8622.0000,864.0000,460.6370,794.0000,0.0000,0.0000,2804.0000,331.0000,3135.0000,0.0000,-225.0000,-257.0000,,,0.0000,1169.0000,1819.0000,1819.0000,,,714.0000,3.0000,A,28.6100,41.1800,26.2000
126554,20011031,2001,4,INDL,C,D,STD,A,USD,2001Q3,2001Q4,4799.0000,1339.0000,7986.0000,1219.0000,461.0000,6.0000,0.0000,0.0000,2002.0000,325.0000,2327.0000,0.0000,197.0000,-538.0000,4125.0000,,0.0000,1214.0000,1606.0000,1606.0000,,,881.0000,174.0000,A,22.2700,32.7000,18.0000
126554,20020131,2002,1,INDL,C,D,STD,A,USD,2001Q4,2002Q1,5467.0000,1304.0000,8558.0000,673.0000,464.0000,0.0000,1150.0000,0.0000,1660.0000,353.0000,3163.0000,0.0000,-315.0000,-337.0000,,,0.0000,1064.0000,1426.0000,1426.0000,,,69.0000,1018.0000,A,30.3500,33.3000,22.0600
126554,20020430,2002,2,INDL,C,D,STD,A,USD,2002Q1,2002Q2,5260.0000,1250.0000,8238.0000,720.0000,464.0000,0.0000,1150.0000,0.0000,1609.0000,351.0000,3110.0000,0.0000,-253.0000,-314.0000,,,0.0000,915.0000,1457.0000,1457.0000,,,155.0000,1065.0000,A,30.0500,38.0000,24.8300
126554,20020731,2002,3,INDL,C,D,STD,A,USD,2002Q2,2002Q3,4979.0000,1745.0000,8437.0000,701.0000,467.0000,0.0000,1150.0000,0.0000,1958.0000,328.0000,3436.0000,0.0000,-228.0000,-351.0000,,,0.0000,874.0000,1391.0000,1391.0000,,,213.0000,935.0000,A,18.8800,31.2500,16.0000
126554,20021031,2002,4,INDL,C,D,STD,A,USD,2002Q3,2002Q4,4880.0000,1744.0000,8203.0000,836.0000,467.0000,0.0000,1150.0000,0.0000,2181.0000,245.0000,3576.0000,0.0000,-236.0000,-131.0000,4073.0000,,0.0000,1119.0000,1736.0000,1736.0000,,,301.0000,674.0000,A,13.7500,18.8800,10.5000
126554,20030131,2003,1,INDL,C,D,STD,A,USD,2002Q4,2003Q1,4559.0000,1640.0000,7770.0000,795.0000,471.0000,0.0000,1150.0000,0.0000,2023.0000,248.0000,3421.0000,0.0000,-369.0000,-214.0000,,,0.0000,930.0000,1412.0000,1412.0000,,,48.0000,-90.0000,A,16.4800,20.3000,13.1900
126554,20030430,2003,2,INDL,C,D,STD,A,USD,2003Q1,2003Q2,4309.0000,1798.0000,7617.0000,815.0000,471.0000,0.0000,1150.0000,0.0000,2006.0000,260.0000,3416.0000,0.0000,-146.0000,-204.0000,,,0.0000,929.0000,1467.0000,1467.0000,,,86.0000,-311.0000,A,16.0200,16.8200,11.3000
126554,20030731,2003,3,INDL,C,D,STD,A,USD,2003Q2,2003Q3,3750.0000,791.0000,5990.0000,819.0000,476.0000,0.0000,1150.0000,0.0000,1788.0000,332.0000,3270.0000,0.0000,-1556.0000,-49.0000,,,0.0000,967.0000,1502.0000,1502.0000,,,148.0000,-414.0000,A,21.7300,22.6400,15.4800
126554,20031031,2003,4,INDL,C,D,STD,A,USD,2003Q3,2003Q4,3889.0000,961.0000,6297.0000,860.0000,476.0000,0.0000,1150.0000,0.0000,1906.0000,417.0000,3473.0000,,13.0000,114.0000,4271.0000,,0.0000,1086.0000,1675.0000,1675.0000,,,205.0000,-237.0000,A,24.9200,26.4800,20.3100
126554,20040131,2004,1,INDL,C,D,STD,A,USD,2003Q4,2004Q1,3986.0000,979.0000,6384.0000,815.0000,480.0000,0.0000,1150.0000,0.0000,1745.0000,420.0000,3315.0000,,71.0000,124.0000,,,0.0000,1064.0000,1643.0000,1643.0000,,,29.0000,71.0000,A,36.8600,38.8000,24.9700
126554,20040430,2004,2,INDL,C,D,STD,A,USD,2004Q1,2004Q2,4255.0000,1057.0000,6675.0000,941.0000,481.0000,0.0000,1150.0000,0.0000,1906.0000,432.0000,3488.0000,,104.0000,131.0000,,32.4400,0.0000,1094.0000,1831.0000,1831.0000,,,64.0000,235.0000,A,27.0100,37.6200,26.9100
126554,20040731,2004,3,INDL,C,D,STD,A,USD,2004Q2,2004Q3,4398.0000,1060.0000,6741.0000,995.0000,486.0000,0.0000,1150.0000,0.0000,1814.0000,448.0000,3412.0000,,100.0000,149.0000,,,0.0000,1150.0000,1885.0000,1885.0000,,,90.0000,330.0000,A,23.8100,29.6800,22.6300
126554,20041031,2004,4,INDL,C,D,STD,A,USD,2004Q3,2004Q4,4577.0000,1221.0000,7056.0000,941.0000,487.0000,0.0000,1150.0000,0.0000,1871.0000,438.0000,3459.0000,28.0000,74.0000,163.0000,4015.0000,,0.0000,1044.0000,1822.0000,1822.0000,,,118.0000,708.0000,A,25.0600,25.3068,19.5100
126554,20050131,2005,1,INDL,C,D,STD,A,USD,2004Q4,2005Q1,4649.0000,1266.0000,7150.0000,570.0000,491.0000,0.0000,1150.0000,0.0000,1771.0000,461.0000,3382.0000,,103.0000,44.0000,,24.4200,0.0000,946.0000,1212.0000,1212.0000,,,44.0000,168.0000,A,22.1100,25.9000,21.4300
126554,20050430,2005,2,INDL,C,D,STD,A,USD,2005Q1,2005Q2,4813.0000,1270.0000,7268.0000,593.0000,491.0000,0.0000,1150.0000,0.0000,1765.0000,484.0000,3399.0000,,95.0000,57.0000,,,0.0000,964.0000,1278.0000,1278.0000,,,86.0000,370.0000,A,20.7500,24.9900,20.1100
126554,20050731,2005,3,INDL,C,D,STD,A,USD,2005Q2,2005Q3,4926.0000,1278.0000,7352.0000,584.0000,494.0000,0.0000,1150.0000,0.0000,1771.0000,483.0000,3404.0000,,104.0000,68.0000,,,0.0000,966.0000,1242.0000,1242.0000,,,140.0000,467.0000,A,26.2400,26.6300,20.7200
126554,20051031,2005,4,INDL,C,D,STD,A,USD,2005Q3,2005Q4,4447.0000,1431.0000,6751.0000,648.0000,503.0000,0.0000,0.0000,0.0000,1936.0000,569.0000,2636.0000,34.0000,25.0000,135.0000,2670.0000,32.6500,0.0000,753.0000,1407.0000,1407.0000,,,139.0000,-89.0000,A,32.0100,34.4500,25.1800
126554,20060131,2006,1,INDL,C,D,STD,A,USD,2005Q4,2006Q1,4626.0000,2525.0000,8026.0000,515.0000,430.0000,0.0000,1500.0000,0.0000,1637.0000,707.0000,3844.0000,,2816.0000,69.0000,,36.0000,0.0000,772.0000,1167.0000,1167.0000,,,50.0000,511.0000,A,33.9100,36.1000,31.9000
126554,20060430,2006,2,INDL,C,D,STD,A,USD,2006Q1,2006Q2,4576.0000,2628.0000,8057.0000,547.0000,426.0000,0.0000,1500.0000,0.0000,1784.0000,699.0000,3983.0000,,115.0000,103.0000,,37.1100,0.0000,845.0000,1239.0000,1239.0000,,,105.0000,431.0000,A,38.4200,39.5400,33.5200
126554,20060731,2006,3,INDL,C,D,STD,A,USD,2006Q2,2006Q3,4219.0000,2688.0000,7729.0000,504.0000,409.0000,0.0000,1500.0000,0.0000,1679.0000,758.0000,3937.0000,,227.0000,153.0000,,34.9600,0.0000,853.0000,1239.0000,1239.0000,,,165.0000,23.0000,A,28.4400,39.4500,27.4700
126554,20061031,2006,4,INDL,C,D,STD,A,USD,2006Q3,2006Q4,3958.0000,2636.0000,7369.0000,551.0000,408.0000,0.0000,1500.0000,0.0000,1538.0000,490.0000,3710.0000,11.0000,149.0000,190.0000,2349.0000,33.0100,0.0000,692.0000,1328.0000,1328.0000,,,185.0000,36.0000,A,35.6000,35.8100,26.9600
126554,20070131,2007,1,INDL,C,D,STD,A,USD,2006Q4,2007Q1,3749.0000,2669.0000,7193.0000,540.0000,405.0000,0.0000,1500.0000,0.0000,1372.0000,664.0000,3536.0000,,150.0000,130.0000,,33.4600,0.0000,671.0000,1280.0000,1280.0000,,,37.0000,-172.0000,A,32.0000,35.6900,31.6800
126554,20070430,2007,2,INDL,C,D,STD,A,USD,2007Q1,2007Q2,3791.0000,2715.0000,7283.0000,540.0000,395.9580,0.0000,1500.0000,0.0000,1554.0000,674.0000,3728.0000,,123.0000,147.0000,,33.6400,0.0000,718.0000,1320.0000,1320.0000,,,79.0000,-212.0000,A,34.3700,35.8000,30.2600
126554,20070731,2007,3,INDL,C,D,STD,A,USD,2007Q2,2007Q3,3281.0000,2956.0000,7024.0000,563.0000,386.5480,0.0000,1500.0000,0.0000,1510.0000,726.0000,3736.0000,,185.0000,181.0000,,38.4000,0.0000,738.0000,1374.0000,1374.0000,,,115.0000,-776.0000,A,38.1500,40.4200,34.4000
126554,20071031,2007,4,INDL,C,D,STD,A,USD,2007Q3,2007Q4,3671.0000,3082.0000,7554.0000,611.0000,370.0000,0.0000,2087.0000,0.0000,1663.0000,363.0000,4320.0000,,180.0000,198.0000,2465.0000,36.2300,0.0000,735.0000,1446.0000,1446.0000,,,154.0000,-436.0000,A,36.8500,39.3700,31.1500
126554,20080131,2008,1,INDL,C,D,STD,A,USD,2007Q4,2008Q1,5070.0000,1588.0000,7459.0000,580.0000,368.0000,1500.0000,626.0000,0.0000,2674.0000,986.0000,4286.0000,,120.0000,147.0000,,35.9000,0.0000,726.0000,1393.0000,1393.0000,,,34.0000,-441.0000,A,33.8600,38.2400,31.2600
126554,20080430,2008,2,INDL,C,D,STD,A,USD,2008Q1,2008Q2,5185.0000,1680.0000,7674.0000,594.0000,360.1080,1752.0000,622.0000,0.0000,3044.0000,852.0000,4518.0000,,173.0000,198.0000,,31.4600,0.0000,791.0000,1456.0000,1456.0000,,,71.0000,-116.0000,A,30.2100,34.8600,28.7900
126554,20080731,2008,3,INDL,C,D,STD,A,USD,2008Q2,2008Q3,5074.0000,1651.0000,7541.0000,582.0000,357.5410,1711.0000,604.0000,0.0000,2894.0000,858.0000,4356.0000,,169.0000,223.0000,,35.6900,0.0000,761.0000,1444.0000,1444.0000,,,110.0000,-186.0000,A,36.0600,38.0000,29.8900
126554,20081031,2008,4,INDL,C,D,STD,A,USD,2008Q3,2008Q4,3208.0000,3405.0000,7437.0000,606.0000,350.0000,0.0000,2125.0000,0.0000,1325.0000,1020.0000,4878.0000,,231.0000,257.0000,2346.0000,30.6100,0.0000,770.0000,1481.0000,1481.0000,,,154.0000,-421.0000,A,22.1900,37.2500,18.7500
126554,20090131,2009,1,INDL,C,D,STD,A,USD,2008Q4,2009Q1,3008.0000,3323.0000,7162.0000,511.0000,345.2560,50.0000,2154.0000,0.0000,1130.0000,1307.0000,4591.0000,,64.0000,66.0000,,18.5300,0.0000,630.0000,1166.0000,1166.0000,2571.0000,,34.0000,-43.0000,A,18.0800,25.0700,14.7600
126554,20090430,2009,2,INDL,C,D,STD,A,USD,2009Q1,2009Q2,2883.0000,2872.0000,6576.0000,498.0000,343.3540,0.0000,2154.0000,0.0000,1099.0000,904.0000,4157.0000,,-101.0000,42.0000,,13.7600,0.0000,569.0000,1091.0000,1091.0000,2419.0000,,68.0000,-5.0000,A,18.2600,19.6900,12.0200
126554,20090731,2009,3,INDL,C,D,STD,A,USD,2009Q2,2009Q3,2897.0000,2837.0000,6573.0000,463.0000,345.1120,0.0000,2153.0000,0.0000,991.0000,940.0000,4084.0000,,-19.0000,56.0000,,0.0000,0.0000,544.0000,1057.0000,1057.0000,2489.0000,,98.0000,74.0000,A,23.2200,23.8900,17.2600
126554,20091031,2009,4,INDL,C,D,STD,A,USD,2009Q3,2009Q4,3961.0000,2806.0000,7612.0000,482.0000,346.1480,0.0000,2904.0000,0.0000,1123.0000,1092.0000,5106.0000,,25.0000,139.0000,2451.0000,0.0000,0.0000,595.0000,1167.0000,1167.0000,2506.0000,,128.0000,1074.0000,A,24.7400,29.3800,23.1400
126554,20100131,2010,1,INDL,C,D,STD,A,USD,2009Q4,2010Q1,5519.0000,1218.0000,7574.0000,508.0000,348.0000,1501.0000,1410.0000,0.0000,2549.0000,1017.0000,4976.0000,8.0000,79.0000,155.0000,,30.1000,0.0000,628.0000,1213.0000,1213.0000,2598.0000,,25.0000,2.0000,A,28.0300,31.7700,24.6900
145977,20000331,2000,1,INDL,C,D,STD,AAP,USD,2000Q1,2000Q1,904.0770,58.2910,1358.3250,399.3730,28.3240,19.4650,633.7490,0.0000,533.5890,55.4470,1222.7850,0.0000,-0.9560,19.1840,559.9060,,0.0000,106.9080,677.5820,677.5820,,,12.6920,-6.7740,A,,,
145977,20000630,2000,2,INDL,C,D,STD,AAP,USD,2000Q2,2000Q2,901.4810,52.5000,1350.3120,325.9490,28.3380,13.1430,596.0350,0.0000,556.5700,51.0800,1203.6850,0.0000,10.3810,32.2490,575.8510,,0.0000,98.6150,557.6500,557.6500,,,28.0310,-5.9790,A,,,
145977,20000930,2000,3,INDL,C,D,STD,AAP,USD,2000Q3,2000Q3,932.4430,44.5080,1381.9450,312.0230,28.2890,7.9420,567.7440,0.0000,597.1380,58.6810,1223.5630,0.0000,12.4400,30.1110,585.4640,,0.0000,92.4220,552.1380,552.1380,,,46.8830,-6.2240,A,,,
145977,20001231,2000,4,INDL,C,D,STD,AAP,USD,2000Q4,2000Q4,897.7750,47.6250,1356.3600,287.9560,28.2890,20.6270,579.9210,0.0000,576.2350,43.9330,1200.0890,0.0000,-2.3060,11.2450,602.8570,,0.0000,80.5780,500.6520,500.6520,,,70.5660,-4.5680,A,,,
145977,20010331,2001,1,INDL,C,D,STD,AAP,USD,2001Q1,2001Q1,905.9680,41.1280,1349.7540,397.0530,28.2740,30.4520,593.2560,0.0000,553.0370,41.3880,1187.6810,0.0000,3.8730,25.8910,603.6960,,0.0000,94.3080,729.3590,729.3590,,,17.6270,-1.3660,A,,,
145977,20010630,2001,2,INDL,C,D,STD,AAP,USD,2001Q2,2001Q2,917.6720,45.6690,1364.3140,334.0370,28.3210,0.0000,554.8190,0.0000,590.6480,39.4880,1184.9550,0.0000,14.1240,36.3790,611.7490,,0.0000,90.4010,607.4780,607.4780,,,31.0480,1.6110,A,,,
145977,20010930,2001,3,INDL,C,D,STD,AAP,USD,2001Q3,2001Q3,925.4040,43.4570,1375.3920,325.4990,28.3200,10.5460,532.3820,0.0000,607.3260,39.3110,1179.0190,0.0000,15.2320,37.1310,632.6980,,0.0000,89.6320,598.7930,598.7930,,,49.5500,-6.0910,A,,,
145977,20011231,2001,4,INDL,C,D,STD,AAP,USD,2001Q4,2001Q4,1135.8480,103.4850,1950.6150,313.7930,32.6920,58.4630,932.0220,0.0000,693.7490,36.2730,1662.0440,0.0000,-21.7870,17.3590,950.4860,,0.0000,93.7040,582.0090,582.0090,,,63.6950,0.1080,A,49.7500,49.7500,39.7000
145977,20020331,2002,1,INDL,C,D,STD,AAP,USD,2002Q1,2002Q1,1236.8190,92.0760,2049.2040,567.5790,34.9850,19.4040,863.4570,0.0000,757.0230,37.2320,1657.7120,0.0000,12.0960,58.9190,984.6120,,0.0000,114.3560,1004.0870,1004.0870,,,26.4210,47.1700,A,46.0000,48.5000,39.8500
145977,20020630,2002,2,INDL,C,D,STD,AAP,USD,2002Q2,2002Q2,1282.2680,72.1330,2070.0980,443.7030,35.6650,11.5490,762.2700,0.0000,845.5360,35.4000,1643.2060,0.0000,15.9410,64.8790,1001.0020,,0.0000,118.1010,792.7170,792.7170,,,46.6380,21.4270,A,54.5100,62.1900,43.6900
145977,20020930,2002,3,INDL,C,D,STD,AAP,USD,2002Q3,2002Q3,1299.2530,65.5980,2083.2030,379.8230,35.6860,11.5420,761.2260,0.0000,825.1090,40.6770,1627.0120,0.0000,28.3630,65.8850,1010.8690,,0.0000,131.9570,718.1410,718.1410,,,68.5240,38.7260,A,52.7400,55.0000,41.4000
145977,20021231,2002,4,INDL,C,D,STD,AAP,USD,2002Q4,2002Q4,1185.4720,51.3210,1965.2250,378.6280,35.7350,11.5590,724.8320,0.0000,722.5760,49.4610,1496.8690,0.0000,8.6190,42.2000,1042.2730,,0.0000,102.5740,689.1950,689.1950,,,98.1860,-4.2320,A,48.9000,58.3400,46.7000
145977,20030331,2003,1,INDL,C,D,STD,AAP,USD,2003Q1,2003Q1,1235.5230,37.5240,1989.8510,511.4550,36.3310,20.7750,660.3140,0.0000,777.5340,65.8570,1503.7050,0.0000,5.0410,76.0010,1057.1550,,0.0000,101.4830,1005.9680,1005.9680,,,30.3120,10.8530,A,46.2500,50.2500,36.9900
145977,20030630,2003,2,INDL,C,D,STD,AAP,USD,2003Q2,2003Q2,1253.9720,36.8940,2002.0880,424.5910,36.6860,18.9490,531.5120,0.0000,861.8990,67.6980,1461.1090,0.0000,43.4580,80.4670,1070.5020,,0.0000,93.3500,827.3480,827.3480,,,50.5950,32.1890,A,60.9000,62.7200,45.7900
145977,20030930,2003,3,INDL,C,D,STD,AAP,USD,2003Q3,2003Q3,1269.7040,34.2360,2011.2490,428.4970,36.9060,24.2330,456.0890,0.0000,889.3460,68.5270,1413.9620,0.0000,45.1640,81.1520,1084.6480,,0.0000,92.8280,839.1010,839.1010,,,70.3310,35.9730,A,70.9000,75.2000,59.3000
145977,20031231,2003,4,INDL,C,D,STD,AAP,USD,2003Q4,2003Q4,1226.4540,43.9150,1983.0710,423.8980,36.9420,53.3050,422.7800,0.0000,853.9450,35.5770,1351.8270,0.0000,31.2720,61.0310,1107.7290,,0.0000,84.7990,821.2790,821.2790,,,101.1770,-2.3980,A,81.4000,83.6500,70.9600
145977,20040331,2004,1,INDL,C,D,STD,AAP,USD,2004Q1,2004Q1,1305.4210,47.3560,2063.2800,570.6820,74.1480,65.0830,374.3850,0.0000,922.5350,77.4680,1374.3880,0.0000,51.2910,90.0220,1128.1270,,0.0000,94.2990,1122.9180,1122.9180,,,32.0050,1.3800,A,40.6700,43.0000,38.1700
145977,20040630,2004,2,INDL,C,D,STD,AAP,USD,2004Q2,2004Q2,1336.3800,45.6220,2125.9470,462.0320,74.8670,68.7690,317.9760,0.0000,972.3860,75.8370,1366.1990,0.0000,53.2350,91.2470,1181.7170,,0.0000,99.2620,908.4120,908.4120,,,87.0930,8.3300,A,44.1800,46.1700,39.4000
145977,20040930,2004,3,INDL,C,D,STD,AAP,USD,2004Q3,2004Q3,1349.6830,41.9650,2146.0220,448.9170,73.5200,73.9460,350.9760,0.0000,959.1480,73.3250,1383.4490,0.0000,51.3930,87.8420,1208.9940,35.8600,0.0000,100.1090,890.1610,890.1610,,,125.2940,15.9920,A,34.4000,44.1000,33.0200
145977,20041231,2004,4,INDL,C,D,STD,AAP,USD,2004Q4,2004Q4,1377.4270,38.3230,2201.9620,430.4180,72.2450,108.7800,438.3000,0.0000,961.1250,36.5860,1479.6470,0.0000,32.0690,59.6470,1261.0320,41.7200,0.0000,101.9690,848.8060,848.8060,,,179.7660,44.8340,A,43.6800,43.7500,33.4200
145977,20050331,2005,1,INDL,C,D,STD,AAP,USD,2005Q1,2005Q1,1558.5020,37.5390,2406.3830,622.4230,71.6250,148.9690,430.1250,0.0000,1135.8420,80.9280,1646.8950,0.0000,68.6470,120.2140,1315.5320,43.5300,0.0000,91.2330,1258.3640,1258.3640,,,59.4970,75.3670,A,50.4500,52.6500,42.2000
145977,20050630,2005,2,INDL,C,D,STD,AAP,USD,2005Q2,2005Q2,1628.9800,36.7170,2508.7310,513.6300,72.9750,178.5860,421.9500,0.0000,1140.4650,75.8990,1638.3140,0.0000,65.9290,112.5200,1372.5390,,0.0000,94.3800,1023.1460,1023.1460,,,119.7770,119.5670,A,64.5500,66.0500,48.6900
145977,20050930,2005,3,INDL,C,D,STD,AAP,USD,2005Q3,2005Q3,1605.7590,87.7010,2562.5740,510.1040,109.0130,174.3650,413.7750,0.0000,1157.1590,78.5810,1649.5150,0.0000,60.7930,105.4160,1420.6840,39.8000,0.0000,83.8770,1019.7360,1019.7360,,,159.3910,56.3830,A,38.6800,47.7267,37.4500
145977,20051231,2005,4,INDL,C,D,STD,AAP,USD,2005Q4,2005Q4,1547.9400,95.3580,2542.1490,484.3980,108.1980,202.2810,406.0400,0.0000,1141.4640,37.9160,1622.3780,0.0000,39.3560,70.3420,1463.4090,38.8400,0.0000,94.6890,963.7250,963.7250,,,216.2140,-15.5380,A,43.4600,44.8800,35.4000
145977,20060331,2006,1,INDL,C,D,STD,AAP,USD,2006Q1,2006Q1,1589.7600,93.5130,2615.7280,688.0090,106.9600,182.6170,395.3430,0.0000,1208.8780,72.0020,1676.2230,0.0000,74.0810,126.2980,1532.2950,40.5800,0.0000,84.7790,1393.0100,1393.0100,,,77.9540,14.5670,A,41.6400,45.5000,40.2500
145977,20060630,2006,2,INDL,C,D,STD,AAP,USD,2006Q2,2006Q2,1574.7560,93.3440,2622.7200,549.4710,105.0050,204.5750,392.6510,0.0000,1229.2080,67.7650,1689.6240,0.0000,62.9360,110.4460,1580.7260,34.4200,0.0000,87.4140,1107.8570,1107.8570,,,132.0150,-27.6550,A,28.9000,42.3000,28.4000
145977,20060930,2006,3,INDL,C,D,STD,AAP,USD,2006Q3,2006Q3,1597.9940,79.9820,2661.5850,535.9840,105.2080,177.4920,450.8590,0.0000,1153.4990,66.7730,1671.1310,0.0000,58.9470,102.5210,1634.5870,0.0000,0.0000,83.7330,1099.4860,1099.4860,,,200.7840,-26.7960,A,32.9400,34.2600,27.6500
145977,20061231,2006,4,INDL,C,D,STD,AAP,USD,2006Q4,2006Q4,1611.9730,75.7310,2682.6810,502.4520,105.3510,161.8160,477.1730,0.0000,1113.4200,35.1860,1651.8270,0.0000,35.3540,64.0850,1665.5480,0.0000,0.0000,97.0460,1016.1500,1016.1500,,,258.5860,-29.6550,A,35.5600,38.5800,32.9000
145977,20070331,2007,1,INDL,C,D,STD,AAP,USD,2007Q1,2007Q1,1692.2070,73.0610,2781.3140,713.2910,106.0580,124.0150,404.1500,0.0000,1194.6680,64.5370,1663.3550,0.0000,76.1010,134.6930,1722.7770,,0.0000,89.7540,1468.1200,1468.1200,,,75.9400,5.8550,A,38.5500,39.5000,34.9000
145977,20070630,2007,2,INDL,C,D,STD,AAP,USD,2007Q2,2007Q2,1778.9710,77.1660,2875.3890,572.9880,106.9620,170.5340,350.3320,0.0000,1249.6140,63.4180,1663.3640,0.0000,68.4240,117.8100,1746.3970,40.8300,0.0000,90.6890,1169.8590,1169.8590,,,115.6520,71.5190,A,40.5300,43.6200,38.4601
145977,20070930,2007,3,INDL,C,D,STD,AAP,USD,2007Q3,2007Q3,1676.2890,73.5650,2766.5660,568.9620,100.9270,154.3340,433.7740,0.0000,1207.3600,60.0420,1701.1760,0.0000,59.0400,100.3790,1753.2010,33.2300,0.0000,76.9820,1158.0430,1158.0430,,,146.5200,3.7080,A,33.5600,42.0000,29.5100
145977,20071231,2007,4,INDL,C,D,STD,AAP,USD,2007Q4,2007Q4,1682.8250,74.7970,2805.5660,520.9300,99.0600,184.1590,505.0620,0.0000,1225.9280,50.0760,1781.7710,0.0000,34.7520,63.5470,1800.9680,37.0700,0.0000,84.9830,1048.3820,1048.3820,,,210.6000,3.5260,A,37.9900,40.7300,31.5300
145977,20080331,2008,1,INDL,C,D,STD,AAP,USD,2008Q1,2008Q1,1749.1010,76.3590,2873.1270,756.6580,94.8810,149.4680,553.8360,0.0000,1315.9320,52.6960,1922.4640,0.0000,82.0860,144.2780,1829.6590,34.0100,0.0000,84.0830,1526.1320,1526.1320,,,58.8630,4.4740,A,34.0500,38.1600,30.1700
145977,20080630,2008,2,INDL,C,D,STD,AAP,USD,2008Q2,2008Q2,1837.7330,77.9740,2973.9800,615.4280,95.3660,154.0170,452.2660,0.0000,1430.4720,52.6430,1935.3810,0.0000,75.3860,127.9590,1851.3750,37.2000,0.0000,90.1460,1235.7830,1235.7830,,,105.9830,4.8050,A,38.8300,41.9800,33.0800
145977,20080930,2008,3,INDL,C,D,STD,AAP,USD,2008Q3,2008Q3,1878.8190,75.6510,3008.2590,591.1720,94.6780,182.6090,470.4940,0.0000,1422.4620,57.7920,1950.7480,0.0000,56.1550,95.8970,1871.1390,39.0700,0.0000,93.7780,1187.9520,1187.9520,,,136.9540,6.6530,A,39.6600,45.5200,35.2400
145977,20081231,2008,4,INDL,C,D,STD,AAP,USD,2008Q4,2008Q4,1807.6260,85.0340,2964.0650,633.2930,94.8520,157.9770,455.1610,0.0000,1364.9940,63.4280,1888.8990,0.0000,24.4110,46.7930,1888.8330,38.8400,0.0000,97.2030,1192.3880,1192.3880,,,184.9860,22.7040,A,33.6500,41.2400,24.0300
145977,20090331,2009,1,INDL,C,D,STD,AAP,USD,2009Q1,2009Q1,1853.7940,86.2510,3001.7280,816.4930,95.2370,104.2600,279.0100,0.0000,1470.6770,72.2360,1821.9230,0.0000,93.5850,157.5820,1900.6680,0.0000,0.0000,87.5190,1683.6360,1683.6360,1179.8050,,50.2160,13.5440,A,41.0800,42.3900,29.5000
145977,20090630,2009,2,INDL,C,D,STD,AAP,USD,2009Q2,2009Q2,1895.3860,82.1530,3044.9710,635.7810,95.4170,79.5130,278.8350,0.0000,1421.4250,81.6230,1781.8830,0.0000,80.3300,134.7750,1930.0240,41.6800,0.0000,89.3930,1322.8440,1322.8440,1263.0880,,90.8370,89.0330,A,41.4900,45.4500,38.1100
145977,20090930,2009,3,INDL,C,D,STD,AAP,USD,2009Q3,2009Q3,2012.6560,83.0250,3165.8980,605.8290,94.6630,53.2600,278.1490,0.0000,1472.9580,122.2350,1873.3420,0.0000,61.9790,104.8550,1954.2440,39.9700,0.0000,92.9930,1262.5760,1262.5760,1292.5560,,132.6220,178.8570,A,39.2800,47.4100,38.0800
145977,20091231,2009,4,INDL,C,D,STD,AAP,USD,2009Q4,2009Q4,1887.6180,85.0070,3072.9630,559.3770,93.6230,33.4360,202.9270,0.0000,1466.0270,66.9990,1790.5980,0.0000,34.4790,57.1730,2014.3830,40.2200,0.0000,92.5600,1143.5670,1143.5670,1282.3650,,192.9340,62.6600,A,40.4800,41.7700,36.1100
